enrol_id,student_id,course_code,grade,semester,mode
5001,1001,CE201,4.5,FA25,In-Person
5002,1002,ce201,3.0,FA25,in-person
5003,1003,CE201,5.0,FA25,In-Person
5004,1001,CE310,4.0,FA25,Online
5005,1004,CS220,not graded,FA25,online
5006,1005,cs220,2.5,FA25,In-Person
5007,1003,CE310,4.8,FA25,ONLINE
5008,1007,BME150,4.2,FA25,In-Person
5003,1003,CE201,5.0,FA25,In-Person
5009,1008,CS220,1.5,FA25,Online
5010,1010,CE201,3.9,FA25,In-Person
5011,1011,BME150,,FA25,online
5012,1012,CS220,4.9,FA25,In-Person
5013,1006,ce201,4.1,FA25,ONLINE
